,City,Cloudiness,Country,Date,Humidity,Lat,Lng,Max Temp,Wind Speed
0,Leningradskiy,3,RU,1612987269,83,69.3833,178.4167,239.41,4.43
1,Severo-Kuril'sk,100,RU,1612987270,87,50.6789,156.125,269.61,1.98
2,Kapaa,40,US,1612987075,49,22.0752,-159.319,296.15,6.69
3,Atuona,1,PF,1612987273,77,-9.8,-139.0333,299.26,8.33
4,Barrow,1,US,1612987274,68,71.2906,-156.7887,241.15,4.63
5,Marapanim,100,BR,1612987275,91,-0.7175,-47.6997,299.48,2.1
6,Hobart,0,AU,1612987103,82,-42.8794,147.3294,285.15,4.12
7,Jamestown,1,US,1612987040,58,42.097,-79.2353,269.26,1.54
8,Puerto Ayora,75,EC,1612987085,83,-0.7393,-90.3518,300.15,1.54
9,Punta Arenas,0,CL,1612987083,55,-53.15,-70.9167,292.15,4.63
10,Hithadhoo,72,MV,1612987156,76,-0.6,73.0833,300.84,5.22
11,Rikitea,29,PF,1612987035,74,-23.1203,-134.9692,299.03,5.9
12,Ferme-Neuve,88,CA,1612987283,32,46.7001,-75.4493,265.15,4.63
13,Pevek,0,RU,1612987284,70,69.7008,170.3133,248.09,0.45
14,Yaan,50,NG,1612987285,13,7.3833,8.5667,302.59,2.08
15,Ponta do Sol,87,PT,1612987286,76,32.6667,-17.1,288.71,0.89
16,Ushuaia,0,AR,1612987079,31,-54.8,-68.3,299.15,8.23
17,Qaanaaq,94,GL,1612987076,71,77.484,-69.3632,256.94,5.3
18,Westport,1,US,1612987007,55,41.1415,-73.3579,273.71,3.6
19,São Filipe,18,CV,1612987291,73,14.8961,-24.4956,295.48,3.17
20,Firovo,100,RU,1612987292,94,57.4814,33.7021,256.02,2.44
21,Bluff,100,NZ,1612987241,89,-46.6,168.3333,284.85,15.71
22,Avarua,20,CK,1612987138,74,-21.2078,-159.775,302.15,4.63
23,Krasnosel'kup,100,RU,1612987295,87,65.7,82.4667,243.12,2.37
24,Tuatapere,100,NZ,1612987076,90,-46.1333,167.6833,283.85,7.55
25,Matagami,90,CA,1612987297,73,49.7502,-77.6328,262.15,4.12
26,Saint-Philippe,20,RE,1612987299,69,-21.3585,55.7679,300.15,2.57
27,Bubaque,30,GW,1612987135,78,11.2833,-15.8333,298.35,6.1
28,Mogadishu,79,SO,1612987155,77,2.0371,45.3438,298.37,10.72
29,East London,1,ZA,1612987302,85,-33.0153,27.9116,297.71,5.59
30,Volkhov,100,RU,1612987303,34,59.9258,32.3382,255.37,1.54
31,Boueni,0,YT,1612987304,94,-12.9025,45.0761,297.15,0.51
32,Busselton,5,AU,1612987305,98,-33.65,115.3333,285.93,3.5
33,Aswān,82,EG,1612987222,32,24.0934,32.907,294.96,4.19
34,Chokurdakh,91,RU,1612987308,89,70.6333,147.9167,249.18,3.93
35,Oranjemund,7,NA,1612987309,82,-28.55,16.4333,291.9,4.24
36,Bambous Virieux,40,MU,1612987310,83,-20.3428,57.7575,299.15,6.17
37,Khatanga,87,RU,1612987311,84,71.9667,102.5,245.97,2.38
38,Butaritari,79,KI,1612987312,76,3.0707,172.7902,300.65,7.37
39,Grindavik,40,IS,1612987313,80,63.8424,-22.4338,275.15,6.69
40,Jerez,40,GT,1612987314,42,14.1,-89.75,304.15,1.03
41,Egvekinot,5,RU,1612987315,81,66.3167,-179.1667,240.18,6.32
42,Kalemie,100,CD,1612987316,83,-5.9475,29.1947,295.36,2.63
43,Longyearbyen,90,SJ,1612987318,72,78.2186,15.6401,261.15,10.29
44,Hasaki,20,JP,1612987319,52,35.7333,140.8333,278.15,3.6
45,Lavrentiya,0,RU,1612987320,80,65.5833,-171.0,239.88,4.53
46,New Norfolk,0,AU,1612987321,70,-42.7826,147.0587,284.26,1.19
47,Semnan,100,IR,1612987322,46,35.5729,53.3971,284.25,0.81
48,Cuamba,100,MZ,1612987323,96,-14.8031,36.5372,294.78,2.17
49,Vung Tau,17,VN,1612987325,86,10.346,107.0843,296.86,7.62
50,Cape Town,0,ZA,1612987189,78,-33.9258,18.4232,294.82,7.72
51,Albany,100,US,1612987177,44,42.6001,-73.9662,271.48,1.34
52,Sol'-Iletsk,100,RU,1612987328,96,51.1631,54.9918,263.79,3.19
53,Bandarbeyla,96,SO,1612987329,68,9.4942,50.8122,296.93,8.3
54,Tongliao,0,CN,1612987331,92,43.6125,122.2653,268.78,5.95
55,Teguise,20,ES,1612987332,72,29.0605,-13.564,292.15,3.09
56,Port Hardy,75,CA,1612987333,69,50.6996,-127.4199,273.15,1.54
57,Lagoa,90,PT,1612987334,66,39.05,-27.9833,287.55,15.08
58,Māngrol,100,IN,1612987335,39,21.1167,70.1167,294.28,4.04
59,Kodinsk,91,RU,1612987336,88,58.6881,99.1844,251.41,1.53
60,Najrān,0,SA,1612987337,55,17.4924,44.1277,289.15,1.54
61,Te Anau,100,NZ,1612987339,86,-45.4167,167.7167,283.07,3.21
62,Baruun-Urt,75,MN,1612987340,90,46.6806,113.2792,268.01,5.74
63,Hilo,90,US,1612987341,60,19.7297,-155.09,296.15,4.63
64,Camaná,33,PE,1612987342,63,-16.6228,-72.7111,297.74,3.25
65,Cabo San Lucas,1,MX,1612987200,49,22.8909,-109.9124,299.26,5.14
66,Santa Maria,40,BR,1612987106,78,-29.6842,-53.8069,299.15,1.03
67,Arraial do Cabo,40,BR,1612987121,73,-22.9661,-42.0278,301.15,6.69
68,Ribeira Grande,40,PT,1612987347,63,38.5167,-28.7,289.15,12.86
69,Vaini,89,TO,1612987348,87,-21.2,-175.2,299.18,6.61
70,Cortez,90,US,1612987349,53,37.3489,-108.5859,280.15,2.05
71,Eirunepé,56,BR,1612987350,77,-6.6603,-69.8736,302.96,1.15
72,Nianzishan,100,CN,1612987351,94,47.5167,122.8833,262.53,1.57
73,Chapais,90,CA,1612987352,61,49.7834,-74.8492,260.15,2.57
74,Tuktoyaktuk,20,CA,1612987354,68,69.4541,-133.0374,239.15,3.6
75,Bathsheba,40,BB,1612987355,57,13.2167,-59.5167,301.15,10.29
76,Saldanha,0,ZA,1612987356,73,-33.0117,17.9442,293.15,6.69
77,Huambo,100,AO,1612987357,61,-12.7761,15.7392,290.7,2.64
78,Palmer,40,US,1612987358,50,42.1584,-72.3287,272.59,3.09
79,Port Alfred,15,ZA,1612987359,93,-33.5906,26.891,295.93,4.11
80,Saskylakh,0,RU,1612987074,83,71.9167,114.0833,243.51,4.13
81,Shangrao,100,CN,1612987361,93,28.4532,117.9686,283.78,2.5
82,Tiksi,100,RU,1612987363,87,71.6872,128.8694,248.56,1.81
83,Batemans Bay,9,AU,1612987364,91,-35.7167,150.1833,290.37,1.44
84,Husavik,90,IS,1612987365,93,66.0449,-17.3389,265.15,1.03
85,Nālūt,0,LY,1612987366,34,30.3333,10.85,287.43,2.43
86,Port Elizabeth,75,ZA,1612987367,88,-33.918,25.5701,297.15,2.06
87,Touros,40,BR,1612987289,66,-5.1989,-35.4608,303.15,7.72
88,Nanortalik,43,GL,1612987370,89,60.1432,-45.2371,268.61,4.46
89,Nikolskoye,40,RU,1612987371,85,59.7035,30.7861,259.82,2.0
90,Lebu,0,CL,1612987372,64,-37.6167,-73.65,293.81,3.09
91,Kadaya,100,RU,1612987373,94,50.9327,119.2911,255.13,0.45
92,Elko,90,US,1612987206,53,41.0002,-115.5012,280.37,2.57
93,Roebourne,24,AU,1612987375,64,-20.7833,117.1333,302.29,5.72
94,Sangolquí,40,EC,1612987376,46,-0.3341,-78.4522,296.15,4.12
95,Japura,75,ID,1612987377,95,-0.3167,102.35,296.82,0.35
96,Saint-Joseph,20,RE,1612987379,69,-21.3667,55.6167,300.15,2.57
97,Māgadi,97,IN,1612987380,59,12.9667,77.2333,290.15,1.03
98,Kaitangata,58,NZ,1612987107,52,-46.2817,169.8464,287.59,7.6
99,Saint Paul Harbor,90,US,1612987382,75,57.79,-152.4072,276.15,9.26
100,Belaya Glina,60,RU,1612987383,79,46.07,40.86,280.93,4.19
101,Upernavik,15,GL,1612987384,92,72.7868,-56.1549,256.31,5.02
102,Rawson,0,AR,1612987148,26,-43.3002,-65.1023,302.27,13.44
103,Kangaatsiaq,0,GL,1612987386,86,68.3065,-53.4641,260.01,2.51
104,Nome,1,US,1612987388,53,64.5011,-165.4064,248.15,4.63
105,Gurlan,0,UZ,1612987389,74,41.8447,60.3919,273.15,3.09
106,Ørnes,40,NO,1612987390,86,66.8689,13.7078,265.15,4.63
107,Manggar,100,ID,1612987391,88,-2.8833,108.2667,298.99,3.98
108,Saint George,1,US,1612987254,31,37.1041,-113.5841,290.37,2.06
109,Iskateley,100,RU,1612987393,90,67.6803,53.1512,250.09,2.02
110,Mataura,100,NZ,1612987394,93,-46.1927,168.8643,282.82,5.19
111,Dikson,92,RU,1612987137,89,73.5069,80.5464,243.62,3.62
112,Torbay,75,CA,1612987133,80,47.6666,-52.7314,270.37,7.72
113,Ancud,0,CL,1612987398,42,-41.8697,-73.8203,302.15,3.09
114,Ambulu,82,ID,1612987158,89,-8.345,113.6058,297.16,1.42
115,Vanimo,100,PG,1612987153,88,-2.6741,141.3028,298.2,1.93
116,Nago,90,JP,1612987401,94,26.5881,127.9761,291.15,9.26
117,Oyama,20,JP,1612987402,74,36.3,139.8,280.93,0.51
118,Chui,71,UY,1612987112,75,-33.6971,-53.4616,297.37,5.35
119,Pontes e Lacerda,83,BR,1612987313,49,-15.2261,-59.3353,304.7,2.87
120,Deputatsky,49,RU,1612987406,89,69.3,139.9,242.25,0.92
121,Al Bardīyah,0,LY,1612987407,50,31.7561,25.0865,289.97,3.0
122,Ixtapa,1,MX,1612987408,73,20.7,-105.2,296.15,5.14
123,Hermanus,11,ZA,1612987409,80,-34.4187,19.2345,294.26,1.34
124,Salalah,0,OM,1612987410,27,17.0151,54.0924,298.15,3.09
125,Mulchén,0,CL,1612987411,25,-37.7167,-72.2333,310.15,3.6
126,Kenai,90,US,1612987412,85,60.5544,-151.2583,264.26,4.63
127,Nogliki,100,RU,1612987413,95,51.8333,143.1667,263.95,7.58
128,Abalak,0,RU,1612987415,87,58.1286,68.5944,242.55,1.74
129,Paita,20,PE,1612987416,54,-5.0892,-81.1144,303.15,5.14
130,Aksu,99,CN,1612987417,74,41.1231,80.2644,274.95,1.52
131,Hong Kong,84,HK,1612987398,88,22.2855,114.1577,289.26,2.41
132,Porto Walter,100,BR,1612987420,72,-8.2686,-72.7439,302.46,0.84
133,Wahpeton,22,US,1612987421,54,46.2652,-96.6059,253.15,3.85
134,Ukiah,1,US,1612987422,44,39.1502,-123.2078,289.15,1.74
135,Yangjiang,3,CN,1612987423,92,21.85,111.9667,287.63,1.86
136,Castro,38,BR,1612986919,72,-24.7911,-50.0119,295.28,1.14
137,Banikoara,0,BJ,1612987426,14,11.2985,2.4386,300.67,2.1
138,Coquimbo,40,CL,1612987427,68,-29.9533,-71.3436,293.15,4.63
139,Manokwari,100,ID,1612987428,80,-0.8667,134.0833,299.28,1.75
140,Provideniya,0,RU,1612987429,70,64.3833,-173.3,249.15,7.0
141,Kimbe,100,PG,1612987431,90,-5.5502,150.1429,297.5,1.04
142,Mahébourg,40,MU,1612987432,83,-20.4081,57.7,299.15,6.17
143,Carnarvon,0,AU,1612987423,94,-24.8667,113.6333,294.15,9.77
144,Yellowknife,20,CA,1612987205,70,62.456,-114.3525,250.93,3.09
145,Lata,100,PT,1612987435,99,40.1629,-8.3327,287.59,3.58
146,Fayaoué,0,NC,1612987436,69,-20.65,166.5333,299.46,2.98
147,Vila Velha,20,BR,1612987434,69,-20.3297,-40.2925,302.59,5.66
148,Mar del Plata,40,AR,1612987439,78,-38.0023,-57.5575,294.15,7.72
149,Progreso,75,MX,1612987278,43,21.2833,-89.6667,306.48,4.12
150,Biak,99,ID,1612987441,79,-0.9131,122.8766,298.42,0.86
151,Paris,90,FR,1612986922,74,48.8534,2.3488,270.37,5.66
152,Buinsk,90,RU,1612987443,78,54.95,48.2833,259.15,4.0
153,Los Llanos de Aridane,75,ES,1612987420,77,28.6585,-17.9182,292.15,0.51
154,Phang Nga,20,TH,1612987445,74,8.4509,98.5298,300.15,2.57
155,Cidreira,68,BR,1612987446,77,-30.1811,-50.2056,297.96,6.37
156,Constitución,30,CL,1612987448,72,-35.3333,-72.4167,293.67,2.77
157,Anadyr,0,RU,1612987449,69,64.75,177.4833,245.37,1.0
158,Umarizal,28,BR,1612987450,26,-5.9906,-37.8144,309.25,3.8
159,Tahe,100,CN,1612987451,94,52.3333,124.7333,259.65,0.31
160,Kawalu,73,ID,1612987452,92,-7.3817,108.2082,295.3,0.54
161,Scarborough,83,GB,1612987453,60,54.2797,-0.4044,273.71,2.68
162,Avera,90,US,1612987454,73,33.194,-82.5271,295.15,3.6
163,Lüderitz,22,NA,1612987456,73,-26.6481,15.1594,293.64,2.59
164,Tela,40,HN,1612987457,84,15.7833,-87.45,303.15,9.26
165,Pochutla,40,MX,1612987458,51,15.7432,-96.4661,304.82,5.14
166,George Town,20,MY,1612987459,83,5.4112,100.3354,300.15,1.54
167,Maragogi,12,BR,1612987198,76,-9.0122,-35.2225,300.25,5.33
168,Taoudenni,0,ML,1612987461,18,22.6783,-3.9836,295.08,4.89
169,Leninsk,75,RU,1612987462,100,48.7119,45.1994,271.15,7.0
170,Inhuma,37,BR,1612987463,64,-6.6683,-41.7078,303.35,0.75
171,Escuintla,1,GT,1612987464,45,14.305,-90.785,305.15,6.17
172,Bethel,1,US,1612987466,43,41.3712,-73.414,273.15,2.06
173,Mari-Turek,81,RU,1612987467,91,56.7895,49.6235,252.06,2.98
174,Hambantota,76,LK,1612987468,74,6.1241,81.1185,296.27,7.19
175,Praia da Vitória,20,PT,1612987469,67,38.7333,-27.0667,289.15,8.41
176,Kaeo,100,NZ,1612987308,96,-35.1,173.7833,290.37,1.79
177,Narsaq,20,GL,1612987471,27,60.9167,-46.05,274.15,10.8
178,Namatanai,97,PG,1612987472,81,-3.6667,152.4333,299.59,1.67
179,Ganzhou,100,CN,1612987473,92,28.8184,115.4327,284.31,2.2
180,Cayenne,75,GF,1612987474,94,4.9333,-52.3333,298.15,2.57
181,Aklavik,0,CA,1612987476,68,68.2191,-135.0107,240.15,2.06
182,Gangarampur,0,IN,1612987477,48,25.4,88.5167,290.64,1.31
183,Fredericksburg,90,US,1612987478,45,38.3032,-77.4605,277.59,2.12
184,Lodwar,100,KE,1612987479,35,3.1191,35.5973,302.53,3.22
185,Fukuechō,100,JP,1612987285,52,32.6881,128.8419,284.95,3.94
186,Bijni,100,IN,1612987481,48,26.4959,90.703,290.46,0.26
187,Cedar City,75,US,1612987482,37,37.6775,-113.0619,284.15,3.09
188,Kiryat Gat,0,IL,1612987484,100,31.61,34.7642,289.26,1.34
189,Hamilton,90,US,1612987374,80,39.1834,-84.5333,268.15,2.57
190,Colares,64,PT,1612987486,95,38.7992,-9.4469,288.15,4.38
191,Birin,7,NP,1612987487,72,26.8865,88.0718,282.05,1.65
192,Tianpeng,94,CN,1612987488,1,30.9866,103.9393,287.04,0.94
193,San Quintín,12,MX,1612987489,62,30.4833,-115.95,288.27,7.0
194,Sonoita,0,MX,1612987490,27,31.85,-112.8333,294.82,3.89
195,Wukari,83,NG,1612987491,14,7.85,9.7833,301.3,1.31
196,San Rafael,79,AR,1612987251,43,-34.6177,-68.3301,298.08,3.19
197,Bagdarin,100,RU,1612987494,91,54.4333,113.6,261.01,2.27
198,Vila,100,PT,1612987495,92,42.0304,-8.1588,282.04,2.09
199,Linqiong,40,CN,1612987496,71,30.4159,103.4609,286.15,0.29
200,Nāhan,0,IN,1612987497,52,30.55,77.3,286.51,1.26
201,Arman',100,RU,1612987257,89,59.7,150.1667,262.48,5.45
202,Alpena,90,US,1612987494,49,45.0617,-83.4327,266.15,2.57
203,Darnah,9,LY,1612987500,40,32.767,22.6367,291.17,4.96
204,Pepel,20,SL,1612987502,70,8.5817,-13.0628,302.15,4.12
205,Dunedin,100,NZ,1612987503,49,-45.8742,170.5036,288.71,1.79
206,Iqaluit,75,CA,1612987504,79,63.7506,-68.5145,262.15,0.5
207,Belém,75,BR,1612987421,89,-1.4558,-48.5044,299.15,3.09
208,Grants Pass,90,US,1612987506,100,42.439,-123.3284,280.15,0.71
209,Port Blair,0,IN,1612987507,69,11.6667,92.75,297.74,4.15
210,Kruisfontein,34,ZA,1612987509,87,-34.0033,24.7314,295.93,0.45
211,Hurghada,0,EG,1612987251,42,27.2574,33.8129,293.15,2.06
212,Tura,0,IN,1612987511,42,25.5198,90.2201,289.44,1.17
213,Mnogovershinnyy,100,RU,1612987512,96,53.9353,139.9242,258.99,3.71
214,Petatlán,1,MX,1612987222,62,17.5167,-101.2667,304.15,3.6
215,Pacific Grove,20,US,1612987376,76,36.6177,-121.9166,287.59,3.09
216,Kasongo-Lunda,100,CD,1612987515,88,-6.4667,16.8167,295.57,0.51
217,La Ronge,100,CA,1612987517,63,55.1001,-105.2842,244.15,1.54
218,Siniscola,40,IT,1612987518,87,40.5719,9.6922,283.15,8.23
219,Mount Gambier,43,AU,1612987519,60,-37.8333,140.7667,293.15,3.09
220,Faanui,0,PF,1612987520,70,-16.4833,-151.75,300.49,5.18
221,Tadine,6,NC,1612987521,83,-21.55,167.8833,298.67,3.16
222,Lorengau,100,PG,1612987522,91,-2.0226,147.2712,297.68,9.13
223,Tessalit,0,ML,1612987515,17,20.1986,1.0114,296.49,4.22
224,Sangar,71,RU,1612987524,85,63.9242,127.4739,246.73,1.31
225,Zhanakorgan,100,KZ,1612987525,93,43.9098,67.2495,275.6,3.89
226,Solnechnyy,44,RU,1612987527,87,50.7214,136.6319,254.92,0.77
227,Kahului,40,US,1612987528,60,20.8947,-156.47,297.15,7.72
228,San Patricio,75,US,1612987500,73,28.017,-97.5169,301.15,9.26
229,Peniche,75,PT,1612987531,92,39.3558,-9.3811,288.15,6.26
230,Porto-Novo,20,BJ,1612987532,79,6.4965,2.6036,303.15,6.17
231,Thompson,75,CA,1612987516,69,55.7435,-97.8558,244.15,3.09
232,Charlotte,90,US,1612987241,67,35.2271,-80.8431,286.48,4.12
233,Khokhlovo,0,RU,1612987535,84,59.1492,37.3998,253.15,2.0
234,Souillac,40,MU,1612987264,83,-20.5167,57.5167,299.15,6.17
235,Meulaboh,70,ID,1612987537,90,4.1363,96.1285,298.04,2.09
236,São João da Barra,0,BR,1612987538,57,-21.6403,-41.0511,301.15,7.2
237,Ahipara,98,NZ,1612987539,89,-35.1667,173.1667,290.23,4.44
238,Garissa,53,KE,1612987541,46,-0.4536,39.6401,301.43,6.18
239,Zhigansk,0,RU,1612987542,84,66.7697,123.3711,244.37,4.97
240,Portland,75,US,1612987478,61,45.5234,-122.6762,279.82,1.54
241,Jales,43,BR,1612987544,43,-20.2689,-50.5458,302.97,1.92
242,Flinders,22,AU,1612987545,87,-34.5833,150.8552,289.82,0.45
243,Ruteng,100,ID,1612987546,100,-8.6136,120.4721,290.49,0.29
244,Loandjili,100,CG,1612987547,85,-4.7561,11.8578,299.87,1.8
245,Leshukonskoye,70,RU,1612987549,90,64.8989,45.7622,249.63,2.02
246,Cherskiy,0,RU,1612987469,85,68.75,161.3,249.45,0.79
247,Verkhniy Avzyan,93,RU,1612987551,91,53.5289,57.5372,255.52,1.35
248,Kirakira,100,SB,1612987552,78,-10.4544,161.9205,300.04,1.72
249,College,90,US,1612987553,65,64.8569,-147.8028,253.15,1.54
250,La Rioja,0,ES,1612987554,71,42.25,-2.5,281.15,0.51
251,Carutapera,98,BR,1612987506,69,-1.195,-46.02,301.63,3.8
252,Guiglo,100,CI,1612987556,49,6.5456,-7.4966,301.86,2.77
253,Klamath Falls,1,US,1612987453,49,42.2249,-121.7817,281.48,2.06
254,Jørpeland,75,NO,1612987559,50,59.0225,6.0408,271.48,3.09
255,Harper,0,LR,1612987560,85,4.375,-7.7169,299.62,3.42
256,Grand-Bourg,75,GP,1612987561,78,15.8835,-61.3148,301.15,4.63
257,Moïssala,82,TD,1612987562,16,8.3404,17.7663,298.56,0.8
258,Nazarovo,100,RU,1612987563,90,56.0064,90.3914,251.25,2.53
259,Norman Wells,40,CA,1612987541,74,65.282,-126.8329,236.15,2.06
260,Makakilo City,1,US,1612987565,46,21.3469,-158.0858,297.15,2.06
261,Aksarka,79,RU,1612987567,82,66.5606,67.7975,240.81,0.88
262,Faya,0,SA,1612987568,58,18.3851,42.4509,287.15,2.08
263,Port Macquarie,62,AU,1612987569,99,-31.4333,152.9167,290.37,1.49
264,Novosheshminsk,100,RU,1612987570,92,55.0651,51.2338,256.49,3.46
265,Sur,58,OM,1612987571,69,22.5667,59.5289,293.05,1.34
266,Poliçan,100,AL,1612987572,72,40.6122,20.0981,283.56,6.14
267,Bad Orb,0,DE,1612987573,79,50.2279,9.3478,268.15,1.59
268,Kumul,99,CN,1612987575,83,42.8,93.45,271.81,2.69
269,Road Town,20,VG,1612987576,61,18.4167,-64.6167,301.15,5.66
270,Viedma,62,AR,1612987577,39,-40.8135,-62.9967,302.59,9.82
271,Bengkulu,52,ID,1612987493,88,-3.8004,102.2655,296.83,2.06
272,Okha,100,RU,1612987525,97,53.5739,142.9478,266.23,7.3
273,Katangli,100,RU,1612987580,96,51.7102,143.2326,263.44,6.8
274,Jiamusi,99,CN,1612987581,93,46.8333,130.35,260.68,3.02
275,Coahuayana Viejo,40,MX,1612987582,47,18.7333,-103.6833,300.15,2.93
276,Shimoni,78,KE,1612987583,81,-4.6476,39.3817,299.73,5.27
277,Alofi,75,NU,1612987585,89,-19.0595,-169.9187,301.15,2.57
278,Belyy Yar,0,RU,1612987586,60,53.6039,91.3903,256.15,3.0
279,Esim,30,GH,1612987587,82,4.8699,-2.2405,300.4,4.67
280,Yerbogachën,99,RU,1612987589,88,61.2767,108.0108,249.74,1.69
281,Tabuk,1,PH,1612987590,90,17.4189,121.4443,293.31,1.17
282,Tasiilaq,75,GL,1612987591,52,65.6145,-37.6368,261.15,2.06
283,Esqueda,100,MX,1612987592,28,30.7167,-109.5833,290.6,7.42
284,Jiangyou,64,CN,1612987593,58,31.7667,104.7167,284.35,1.15
285,Laas,40,IT,1612987594,86,46.6166,10.7002,275.37,3.6
286,Angoche,100,MZ,1612987595,88,-16.2325,39.9086,298.9,6.21
287,Skjervøy,90,NO,1612987597,86,70.0311,20.9714,270.15,3.09
288,Mutoko,97,ZW,1612987598,88,-17.397,32.2268,291.39,0.6
289,Acarí,75,PE,1612987599,52,-15.4311,-74.6158,300.69,4.79
290,Ust-Kuyga,12,RU,1612987600,81,70.0167,135.6,246.67,1.87
291,Ngunguru,98,NZ,1612987601,96,-35.6167,174.5,290.37,1.34
292,Norrtälje,100,SE,1612987602,84,59.758,18.705,270.93,4.92
293,Fare,0,PF,1612987603,72,-16.7,-151.0167,300.62,4.83
294,Sorong,93,ID,1612987604,81,-0.8833,131.25,300.49,1.91
295,Żurrieq,0,MT,1612987606,63,35.8311,14.4742,290.93,6.17
296,Bulawayo,100,ZW,1612987607,90,-20.15,28.5833,291.69,4.54
297,Altamira,75,BR,1612987608,83,-3.2033,-52.2064,301.15,1.54
298,Santiago,40,CL,1612987127,45,-33.4569,-70.6483,304.26,3.6
299,Karasburg,100,NA,1612987610,38,-28.0167,18.75,299.62,1.32
300,Moussoro,70,TD,1612987611,17,13.6408,16.4901,297.3,4.18
301,Chester,1,US,1612987612,59,40.1254,-75.8749,273.15,2.57
302,Port Shepstone,100,ZA,1612987614,84,-30.7414,30.455,298.32,6.39
303,Shar,77,KZ,1612987615,86,49.5886,81.0453,249.5,0.08
304,Aurich,75,DE,1612987576,64,53.4667,7.4833,271.15,2.57
305,Herat Province,0,AF,1612987617,45,34.5,62.0,283.92,1.82
306,Ürümqi,75,CN,1612987094,92,43.801,87.6005,264.15,2.0
307,Weston,40,US,1612987619,41,26.1004,-80.3998,301.48,4.12
308,Pisco,75,PE,1612987620,73,-13.7,-76.2167,298.15,4.63
309,Dogbo,0,BJ,1612987622,71,6.8167,1.7833,301.48,4.15
310,Huamachuco,91,PE,1612987623,60,-7.8,-78.0667,289.18,3.27
311,Airai,100,TL,1612987505,100,-8.9266,125.4092,289.3,0.76
312,Iisaku Parish,100,EE,1612987625,95,59.1014,27.3081,259.3,2.96
313,Tuy Hoa,100,VN,1612987626,85,13.0833,109.3,293.9,3.46
314,Bolshaya Glushitsa,100,RU,1612987627,93,50.2406,43.5908,272.59,5.59
315,Bredasdorp,64,ZA,1612987628,73,-34.5322,20.0403,294.15,3.6
316,Vestmannaeyjar,100,IS,1612987629,67,63.4427,-20.2734,278.27,10.96
317,Madison Heights,90,US,1612987631,63,42.4859,-83.1052,267.04,2.06
318,Pervomayskoye,100,RU,1612987632,85,43.919,46.7102,281.14,5.83
319,Ambon City,20,ID,1612987633,89,-3.6954,128.1814,299.15,1.54
320,Châlons-en-Champagne,20,FR,1612987634,80,48.9539,4.3672,269.15,4.63
321,Am Timan,41,TD,1612987635,18,11.0297,20.2827,296.73,1.98
322,Lincoln,75,US,1612987636,52,40.8,-96.667,262.59,4.12
323,Novy Urengoy,100,RU,1612987637,86,66.0833,76.6333,242.7,5.96
324,Hargeisa,21,SO,1612987638,77,9.56,44.065,287.6,4.31
325,Joshīmath,0,IN,1612987640,35,30.5667,79.5667,279.05,3.54
326,Salym,0,RU,1612987641,85,60.0625,71.4789,241.42,2.61
327,Frankfort,98,ZA,1612987603,89,-27.2667,28.4833,289.59,1.92
328,Conde,75,BR,1612987643,70,-7.2597,-34.9075,302.15,6.17
329,Carbonia,20,IT,1612987644,87,39.1672,8.5222,285.15,8.75
330,Amberley,90,US,1612987645,80,39.2048,-84.428,268.15,2.57
331,Saint Anthony,1,US,1612987646,47,45.0205,-93.218,260.15,6.69
332,Inírida,80,CO,1612987648,72,3.8653,-67.9239,302.95,2.12
333,Laguna,1,US,1612987649,63,38.421,-121.4238,291.48,2.57
334,Kailua,75,US,1612987650,49,21.4022,-157.7394,296.15,3.09
335,Mackay,90,AU,1612987400,69,-21.15,149.2,299.15,2.57
336,Madison,1,US,1612987652,40,34.7334,-86.5667,295.37,6.17
337,Vardø,90,NO,1612987560,86,70.3705,31.1107,267.15,13.38
338,Alice Springs,40,AU,1612987480,61,-23.7,133.8833,302.15,4.12
339,Huanan,90,CN,1612987656,96,46.2167,130.5167,260.35,1.95
340,Sakaiminato,75,JP,1612987657,87,35.55,133.2333,277.15,1.03
341,Yar-Sale,100,RU,1612987658,85,66.8333,70.8333,242.54,5.98
342,Hofn,75,IS,1612987659,93,64.2539,-15.2082,272.15,7.77
343,Saurimo,100,AO,1612987660,94,-9.6608,20.3916,293.02,1.93
344,Baykit,100,RU,1612987661,85,61.67,96.37,248.53,1.24
345,Tūkrah,0,LY,1612987663,38,32.5341,20.5791,289.62,4.23
346,Isangel,40,VU,1612987664,78,-19.55,169.2667,301.15,2.06
347,Port Lincoln,12,AU,1612987477,45,-34.7333,135.8667,297.01,5.55
348,Kathmandu,40,NP,1612987666,87,27.7167,85.3167,283.15,0.26
349,Surskoye,100,RU,1612987667,93,54.4821,46.7214,257.93,4.49
350,Kopāganj,0,IN,1612987668,75,26.0233,83.5658,286.9,0.89
351,Ossora,100,RU,1612987669,95,59.2353,163.0719,263.71,4.2
352,Hals,90,DK,1612987670,80,56.9961,10.3081,269.26,3.6
353,Sayyan,56,YE,1612987672,47,15.1718,44.3244,283.51,2.69
354,Sambava,100,MG,1612987673,85,-14.2667,50.1667,298.44,0.67
355,Rørvik,0,NO,1612987674,92,64.8621,11.2373,260.15,2.06
356,Hobyo,24,SO,1612987571,76,5.3505,48.5268,298.31,9.36
357,Palana,55,RU,1612987676,91,59.1167,159.9667,263.46,5.19
358,Tawang Town,56,IN,1612987677,86,27.5833,91.8667,273.54,1.07
359,Virú,91,PE,1612987678,65,-8.4167,-78.75,299.15,4.63
360,Mossamedes,100,AO,1612987680,73,-15.1961,12.1522,296.4,2.84
361,Hefei,100,CN,1612987681,87,31.8639,117.2808,282.04,2.0
362,Malé,20,MV,1612987662,74,4.1748,73.5089,301.15,5.66
363,Ostrovnoy,52,RU,1612987683,93,68.0531,39.5131,259.49,8.18
364,Ilulissat,1,GL,1612987684,38,69.2167,-51.1,264.15,8.23
365,Pangnirtung,1,CA,1612987531,66,66.1451,-65.7125,260.15,1.33
366,Cascavel,17,BR,1612987686,80,-24.9558,-53.4553,296.05,2.08
367,Codrington,30,AU,1612987687,68,-38.2667,141.9667,290.75,2.87
368,Russell,75,US,1612987688,73,32.3502,-85.1999,293.15,2.27
369,Bay Roberts,75,CA,1612987690,80,47.5999,-53.2648,270.37,7.72
370,Sulangan,98,PH,1612987691,79,11.1373,123.7228,300.18,2.4
371,Songjianghe,0,CN,1612987692,95,42.1859,127.479,264.21,2.7
372,Seoul,75,KR,1612987094,93,37.5683,126.9778,273.15,1.03
373,Uyemskiy,90,RU,1612987694,84,64.4743,40.8524,253.15,1.0
374,Arrondissement de Libourne,90,FR,1612987695,81,44.9167,-0.25,283.15,1.03
375,Belaya Gora,21,RU,1612987697,89,68.5333,146.4167,245.41,0.7
376,Naryan-Mar,100,RU,1612987698,90,67.6713,53.087,250.19,2.03
377,Banda Aceh,8,ID,1612987699,79,5.5577,95.3222,299.2,2.29
378,Mbala,100,ZM,1612987700,95,-8.8402,31.3659,289.98,0.63
379,Severnyy,90,RU,1612987701,100,50.677,36.5532,271.15,2.0
380,Gamba,100,GA,1612987702,88,-2.65,10.0,299.44,1.89
381,Galesong,20,ID,1612987703,94,-5.3166,119.3661,297.15,0.51
382,Asău,90,RO,1612987704,69,46.4333,26.4,275.93,0.56
383,Mount Isa,0,AU,1612987564,78,-20.7333,139.5,299.15,2.57
384,Manavālakurichi,20,IN,1612987707,69,8.1333,77.3,298.15,3.74
385,Serra Talhada,60,BR,1612987708,26,-7.9919,-38.2983,307.23,5.25
386,Paphos,40,CY,1612987709,82,34.7667,32.4167,285.15,3.09
387,Mampong,55,GH,1612987710,42,7.0627,-1.4001,302.46,2.59
388,Mayumba,36,GA,1612987711,87,-3.432,10.6554,298.85,0.84
389,Talnakh,76,RU,1612987712,81,69.4865,88.3972,247.92,1.58
390,Pathein,0,MM,1612987713,83,16.7833,94.7333,291.68,2.75
391,Cabinda,100,AO,1612987714,86,-5.55,12.2,300.05,2.11
392,Soyo,100,AO,1612987715,83,-6.1349,12.3689,300.42,2.0
393,Mocsa,90,HU,1612987717,100,47.67,18.185,275.93,4.63
394,Aykhal,75,RU,1612987718,85,66.0,111.5,242.64,2.46
395,Honiara,98,SB,1612987719,81,-9.4333,159.95,299.25,0.77
396,Port Hedland,40,AU,1612987703,89,-20.3167,118.5667,300.15,2.57
397,Lithgow,1,AU,1612987721,91,-33.4833,150.15,288.71,0.89
398,Esperance,90,AU,1612987722,77,-33.8667,121.9,287.15,3.09
399,Pehowa,0,IN,1612987690,47,29.9833,76.5833,286.19,1.8
400,Kavieng,34,PG,1612987725,77,-2.5744,150.7967,301.03,4.31
401,Ābdānān,100,IR,1612987726,37,32.9926,47.4198,287.15,1.14
402,Kavaratti,58,IN,1612987727,63,10.5669,72.642,300.51,3.24
403,Lapi,32,PH,1612987728,88,17.716,121.8978,295.1,1.27
404,Coruripe,15,BR,1612987729,75,-10.1256,-36.1756,300.36,6.6
405,Charagua,90,BO,1612987730,94,-19.8,-63.2167,292.15,2.69
406,Ponta Delgada,20,PT,1612987731,94,37.7333,-25.6667,288.71,7.72
407,Waingapu,100,ID,1612987531,80,-9.6567,120.2641,298.64,2.43
408,Demyansk,100,RU,1612987734,93,57.643,32.466,258.74,2.51
409,Carupano,21,VE,1612987735,75,10.6678,-63.2585,299.17,5.85
410,Baharly,0,TM,1612987736,50,38.4362,57.4316,284.24,1.88
411,Cascais,56,PT,1612987596,95,38.6979,-9.4215,288.15,4.37
412,Gal'bshtadt,1,RU,1612987738,86,53.2264,78.9845,239.77,2.79
413,Chingirlau,100,KZ,1612987739,97,51.095,54.0814,266.28,4.44
414,Longhua,86,CN,1612987740,90,23.6137,114.1919,286.49,1.2
415,Beringovskiy,24,RU,1612987742,87,63.05,179.3167,243.6,5.67
416,Buraidah,0,SA,1612987743,77,26.326,43.975,288.15,2.93
417,Toora-Khem,95,RU,1612987744,92,52.4675,96.11,258.69,2.42
418,Wanning,36,CN,1612987745,87,18.8003,110.3967,288.88,4.03
419,Lompoc,1,US,1612987746,67,34.6391,-120.4579,290.37,8.23
420,Labuhan,100,ID,1612987747,88,-6.8844,112.2051,298.16,2.23
421,Christchurch,0,NZ,1612987748,34,-43.5333,172.6333,291.48,4.12
422,Luganville,0,VU,1612987749,77,-15.5333,167.1667,298.79,1.03
423,Lingao,24,CN,1612987751,85,19.9103,109.6859,290.11,3.02
424,Bonavista,97,CA,1612987499,80,48.6499,-53.1147,270.93,3.6
425,Kloulklubed,75,PW,1612987753,83,7.0419,134.2556,300.15,3.09
426,Koslan,0,RU,1612987754,88,63.4564,48.8989,246.78,1.32
427,Gogrial,96,SS,1612987755,17,8.5332,28.1004,298.97,2.47
428,Ilhabela,99,BR,1612987756,77,-23.7781,-45.3581,298.16,2.67
429,Moses Lake,1,US,1612987757,37,47.1301,-119.2781,274.15,4.12
430,Tumut,0,AU,1612987759,82,-35.3,148.2167,291.15,3.09
431,Viljoenskroon,45,ZA,1612987760,65,-27.2084,26.9485,294.24,1.68
432,Bud,100,US,1612987761,86,39.447,-86.1758,267.59,4.41
433,Sept-Îles,20,CA,1612987741,41,50.2001,-66.3821,263.71,8.75
434,Klichka,99,RU,1612987763,95,50.4457,117.996,255.92,1.35
435,Aljezur,87,PT,1612987764,100,37.3191,-8.8033,288.15,1.79
436,São Gabriel da Cachoeira,40,BR,1612987765,58,-0.1303,-67.0892,305.15,3.09
437,Zhezkazgan,100,KZ,1612987766,90,47.8043,67.7144,255.3,3.73
438,Amga,100,RU,1612987767,88,60.8953,131.9608,248.78,0.07
439,Lafiagi,0,NG,1612987769,20,8.8667,5.4167,304.5,1.26
440,Gori,100,GE,1612987770,51,41.9842,44.1158,282.64,1.7
441,Boone,90,US,1612987771,85,39.0334,-92.3335,262.59,6.69
442,Anloga,20,GH,1612987772,84,5.7947,0.8973,302.15,4.63
443,Nuevo Progreso,26,MX,1612987773,60,23.1667,-97.95,301.48,2.24
444,Houma,40,US,1612987478,78,29.5958,-90.7195,299.82,3.09
445,Fernie,100,CA,1612987775,54,49.5,-115.0687,252.15,5.14
446,Vostok,76,RU,1612987776,92,46.4856,135.8833,253.0,2.04
447,Punakha,54,BT,1612987778,54,27.5837,89.8598,283.94,0.26
448,Monteagudo,90,BO,1612987779,94,-19.8167,-63.9833,292.15,0.97
449,Ha Tinh,18,VN,1612987780,86,18.3333,105.9,288.42,0.93
450,Marzuq,82,YE,1612987515,36,14.4,46.4667,287.37,1.07
451,Grand-Santi,98,GF,1612987782,71,4.25,-54.3833,300.6,1.73
452,Kostomuksha,0,RU,1612987783,92,64.571,30.5767,253.74,2.09
453,Arrondissement de Thiers,90,FR,1612987784,93,45.8333,3.5,273.15,4.63
454,Gibara,20,CU,1612987785,35,21.1097,-76.1317,305.15,8.75
455,Mae Sot,3,TH,1612987786,55,16.7167,98.5667,290.19,0.68
456,Magdagachi,100,RU,1612987788,93,53.45,125.8,254.85,2.84
457,Florianópolis,40,BR,1612987789,69,-27.6146,-48.5012,299.15,5.14
458,Khovd,39,MN,1612987790,56,48.0056,91.6419,261.88,4.69
459,Haines Junction,0,CA,1612987791,56,60.7522,-137.5108,238.15,0.83
460,Pangody,100,RU,1612987792,86,65.85,74.4859,242.26,6.13
461,Geneva,75,CH,1612987555,65,46.2022,6.1457,278.15,1.54
462,Koumac,41,NC,1612987794,76,-20.5667,164.2833,298.16,3.8
463,Tak Bai,20,TH,1612987795,94,6.2595,102.0546,297.15,1.03
464,Mamakan,55,RU,1612987797,87,57.8161,114.0028,257.08,1.38
465,Rancho Palos Verdes,75,US,1612987798,77,33.7445,-118.387,289.26,4.63
466,Gigmoto,18,PH,1612987518,84,13.7796,124.39,298.59,3.64
467,Whyalla,0,AU,1612987800,48,-33.0333,137.5833,292.15,2.57
468,Lisala,99,CD,1612987548,36,2.15,21.5167,297.72,0.43
469,Semey,100,KZ,1612987529,86,50.4111,80.2275,248.06,1.42
470,Zharkovskiy,100,RU,1612987803,93,55.849,32.2697,255.85,2.26
471,Barra de Tecoanapa,0,MX,1612987804,57,16.5167,-98.75,301.89,5.21
472,Yichang,0,CN,1612987806,79,30.7144,111.2847,279.82,0.8
473,Ferkessédougou,0,CI,1612987807,14,9.6,-5.2,301.21,1.06
474,Amazar,100,RU,1612987808,92,53.858,120.875,258.72,0.97
475,Payson,75,US,1612987680,53,40.0444,-111.7321,281.48,1.54
476,Lensk,100,RU,1612987810,93,60.7253,114.9278,259.05,2.19
477,Litovko,1,RU,1612987811,90,49.2361,135.1742,253.95,1.3
478,Muroto-misakicho,22,JP,1612987812,52,33.2833,134.15,283.31,3.82
479,Ubari,0,LY,1612987813,24,26.5921,12.7805,292.6,4.74
480,Makhalino,100,RU,1612987815,94,53.0854,46.2211,257.52,4.43
481,Timizart,0,DZ,1612987816,89,36.8,4.2667,284.47,4.06
482,Blagoyevo,1,RU,1612987817,88,63.3667,47.9167,246.25,1.03
483,Fortuna,1,US,1612987818,71,40.5982,-124.1573,287.04,2.57
484,Dali,0,CN,1612987819,74,25.7,100.1833,279.2,1.88
485,Scottsbluff,90,US,1612987820,72,41.8666,-103.6672,261.48,6.69
486,Melo,85,UY,1612987821,70,-32.3667,-54.1833,298.59,4.85
487,Astoria,1,US,1612987823,57,46.1879,-123.8313,280.37,2.06
488,Yulara,40,AU,1612987824,58,-25.2406,130.9889,303.15,4.63
489,Port-Cartier,20,CA,1612987825,41,50.0334,-66.8654,263.71,8.75
490,Panacan,8,PH,1612987826,82,9.2463,118.4082,298.4,1.45
491,Assiut,0,EG,1612987681,48,27.181,31.1837,292.15,3.6
492,Honāvar,0,IN,1612987828,60,14.2833,74.45,294.36,2.05
493,Dingle,68,PH,1612987829,88,10.9995,122.6711,296.96,0.75
494,Northam,28,GB,1612987831,71,51.0333,-4.2167,273.15,1.34
495,Nouadhibou,0,MR,1612987832,73,20.931,-17.0347,293.15,7.2
496,Abu Samrah,0,SY,1612987833,79,35.3029,37.1841,284.5,2.95
497,Havelock,90,US,1612987834,76,34.8791,-76.9013,285.93,6.69
498,Nicoya,20,CR,1612987836,43,10.1483,-85.452,305.15,8.23
499,Tocopilla,99,CL,1612987837,56,-22.092,-70.1979,295.82,1.7
500,Puerto Madryn,3,AR,1612987828,28,-42.7692,-65.0385,301.27,12.04
501,Algeciras,75,ES,1612987839,77,36.1333,-5.4505,290.15,7.72
502,Eydhafushi,45,MV,1612987840,66,5.1033,73.0708,300.27,1.92
503,Cefalù,100,IT,1612987842,67,38.0386,14.0229,288.15,3.58
504,Beldānga,43,IN,1612987562,45,23.9333,88.25,289.74,0.65
505,Turbat,100,PK,1612987844,25,26.0023,63.044,291.7,2.72
506,Penzance,75,GB,1612987846,65,50.1186,-5.5371,276.15,8.23
507,Hibbing,1,US,1612987848,54,47.4272,-92.9377,253.15,4.63
508,Bad Wildungen,31,DE,1612987849,80,51.1196,9.1248,268.15,2.57
509,Arang,0,IN,1612987850,32,21.2,81.9667,289.36,2.15
510,Cabedelo,75,BR,1612987852,70,-6.9811,-34.8339,302.15,6.17
511,Pokhara,0,NP,1612987242,45,28.2333,83.9833,285.95,2.05
512,Ulaangom,0,MN,1612987854,67,49.9811,92.0667,256.99,2.24
513,Fuengirola,20,ES,1612987856,77,36.54,-4.6247,290.15,2.06
514,Jagtiāl,0,IN,1612987857,29,18.8,78.9333,290.72,1.59
515,Teberda,94,RU,1612987858,78,43.4456,41.7448,275.35,4.58
516,Mayor Pablo Lagerenza,100,PY,1612987860,80,-19.9309,-60.7718,294.54,3.72
517,Chenzhou,100,CN,1612987861,91,25.8,113.0333,283.02,1.13
518,Hailar,96,CN,1612987863,93,49.2,119.7,261.97,3.27
519,Barcelona,20,ES,1612987607,51,41.3888,2.159,287.15,8.75
520,Katsuura,20,JP,1612987865,71,35.1333,140.3,281.15,4.12
521,Launceston,0,AU,1612987867,93,-41.45,147.1667,282.59,2.06
522,Nemuro,87,JP,1612987868,89,43.3236,145.575,267.91,5.45
523,Uvira,100,CD,1612987869,67,-3.4067,29.1458,297.44,0.74
524,Nyimba,99,ZM,1612987871,94,-14.5566,30.8149,294.31,1.8
525,Fairbanks,90,US,1612987872,71,64.8378,-147.7164,253.15,1.54
526,Karratha,1,AU,1612987873,47,-20.7377,116.8463,302.79,4.93
527,Wajir,99,KE,1612987875,28,1.7471,40.0573,303.88,4.99
528,Kingseat,40,GB,1612987876,93,56.0974,-3.4084,271.48,0.51
529,Caravelas,49,BR,1612987877,68,-17.7125,-39.2481,299.95,3.38
530,Mildura,0,AU,1612987879,41,-34.2,142.15,298.15,4.63
531,Kalmunai,64,LK,1612987880,76,7.4167,81.8167,295.24,2.81
532,Hulan Ergi,100,CN,1612987759,94,47.2042,123.6333,264.89,4.82
533,Takhtamygda,100,RU,1612987882,93,54.1,123.5667,257.51,1.2
534,Vondrozo,100,MG,1612987883,100,-22.8167,47.2833,292.37,1.1
535,Lagunas,100,PE,1612987885,71,-5.2269,-75.6753,303.22,2.01
536,Cockburn Town,5,TC,1612987757,76,21.4612,-71.1419,298.38,6.45
537,Klaksvík,39,FO,1612987887,80,62.2266,-6.589,268.15,0.51
538,Tyukhtet,100,RU,1612987889,89,56.5389,89.3011,250.79,3.16
539,Vilyuysk,0,RU,1612987890,87,63.7553,121.6247,243.19,2.31
540,Okhotsk,100,RU,1612987891,91,59.3833,143.3,268.2,10.99
541,La Palma,90,US,1612987892,55,33.8464,-118.0467,289.26,4.12
542,Kuznechnoye,100,RU,1612987893,96,61.12,29.8686,257.59,2.04
543,Khromtau,100,KZ,1612987895,96,50.2503,58.4347,259.23,4.28
544,Srednekolymsk,3,RU,1612987896,88,67.45,153.6833,248.11,0.35
545,Acaponeta,0,MX,1612987897,28,22.4964,-105.3594,303.69,3.05
546,Qaqortoq,20,GL,1612987898,27,60.7167,-46.0333,274.15,10.8
547,Tilichiki,100,RU,1612987900,90,60.4667,166.1,251.21,4.58
548,Tarauacá,98,BR,1612987901,66,-8.1614,-70.7656,303.75,1.17
549,Kourou,75,GF,1612987902,94,5.1552,-52.6478,298.15,2.57
550,Pimentel,0,PE,1612987904,48,-6.8367,-79.9342,303.15,5.14
551,Weligama,98,LK,1612987905,83,5.9667,80.4167,295.69,2.04
552,Port Augusta,0,AU,1612987906,48,-32.5,137.7667,295.93,2.57
